{
  "hash": "72dd4d15",
  "configHash": "f584d297",
  "lockfileHash": "44650719",
  "browserHash": "e284812f",
  "optimized": {
    "@angular/core": {
      "src": "../../../../../node_modules/@angular/core/fesm2022/core.mjs",
      "file": "@angular_core.js",
      "fileHash": "ff93ab82",
      "needsInterop": false
    },
    "@angular/platform-browser": {
      "src": "../../../../../node_modules/@angular/platform-browser/fesm2022/platform-browser.mjs",
      "file": "@angular_platform-browser.js",
      "fileHash": "c900d5c6",
      "needsInterop": false
    },
    "@angular/router": {
      "src": "../../../../../node_modules/@angular/router/fesm2022/router.mjs",
      "file": "@angular_router.js",
      "fileHash": "fe7daab5",
      "needsInterop": false
    },
    "@angular/common": {
      "src": "../../../../../node_modules/@angular/common/fesm2022/common.mjs",
      "file": "@angular_common.js",
      "fileHash": "b48def89",
      "needsInterop": false
    }
  },
  "chunks": {
    "chunk-EELNKDCN": {
      "file": "chunk-EELNKDCN.js"
    },
    "chunk-LQX65BWK": {
      "file": "chunk-LQX65BWK.js"
    },
    "chunk-7XNSWP76": {
      "file": "chunk-7XNSWP76.js"
    }
  }
}