{
  "hash": "2d9d0184",
  "configHash": "bd048952",
  "lockfileHash": "0946f890",
  "browserHash": "28ce2b7f",
  "optimized": {
    "@angular/common": {
      "src": "../../../../../node_modules/@angular/common/fesm2022/common.mjs",
      "file": "@angular_common.js",
      "fileHash": "583b28ba",
      "needsInterop": false
    },
    "@angular/core": {
      "src": "../../../../../node_modules/@angular/core/fesm2022/core.mjs",
      "file": "@angular_core.js",
      "fileHash": "a9dfd3bc",
      "needsInterop": false
    },
    "@angular/forms": {
      "src": "../../../../../node_modules/@angular/forms/fesm2022/forms.mjs",
      "file": "@angular_forms.js",
      "fileHash": "96ba0a0a",
      "needsInterop": false
    },
    "@angular/platform-browser": {
      "src": "../../../../../node_modules/@angular/platform-browser/fesm2022/platform-browser.mjs",
      "file": "@angular_platform-browser.js",
      "fileHash": "05fb445c",
      "needsInterop": false
    }
  },
  "chunks": {
    "chunk-7RSQZAJ3": {
      "file": "chunk-7RSQZAJ3.js"
    },
    "chunk-NDMDQB2M": {
      "file": "chunk-NDMDQB2M.js"
    }
  }
}