{
  "hash": "ab26984c",
  "configHash": "162017c0",
  "lockfileHash": "f4bc8022",
  "browserHash": "8032777a",
  "optimized": {
    "@angular/common": {
      "src": "../../../../../node_modules/@angular/common/fesm2022/common.mjs",
      "file": "@angular_common.js",
      "fileHash": "549fdf80",
      "needsInterop": false
    },
    "@angular/core": {
      "src": "../../../../../node_modules/@angular/core/fesm2022/core.mjs",
      "file": "@angular_core.js",
      "fileHash": "3ff64c55",
      "needsInterop": false
    },
    "@angular/platform-browser": {
      "src": "../../../../../node_modules/@angular/platform-browser/fesm2022/platform-browser.mjs",
      "file": "@angular_platform-browser.js",
      "fileHash": "98edb2c5",
      "needsInterop": false
    },
    "@angular/router": {
      "src": "../../../../../node_modules/@angular/router/fesm2022/router.mjs",
      "file": "@angular_router.js",
      "fileHash": "899fbc3c",
      "needsInterop": false
    }
  },
  "chunks": {
    "chunk-EELNKDCN": {
      "file": "chunk-EELNKDCN.js"
    },
    "chunk-LQX65BWK": {
      "file": "chunk-LQX65BWK.js"
    },
    "chunk-7XNSWP76": {
      "file": "chunk-7XNSWP76.js"
    }
  }
}