{
  "hash": "a147aad5",
  "configHash": "b2fb03d6",
  "lockfileHash": "17637257",
  "browserHash": "03e4c0f7",
  "optimized": {
    "@angular/common": {
      "src": "../../../../../node_modules/@angular/common/fesm2022/common.mjs",
      "file": "@angular_common.js",
      "fileHash": "d7ba2620",
      "needsInterop": false
    },
    "@angular/core": {
      "src": "../../../../../node_modules/@angular/core/fesm2022/core.mjs",
      "file": "@angular_core.js",
      "fileHash": "14c5f520",
      "needsInterop": false
    },
    "@angular/platform-browser": {
      "src": "../../../../../node_modules/@angular/platform-browser/fesm2022/platform-browser.mjs",
      "file": "@angular_platform-browser.js",
      "fileHash": "39b98c8e",
      "needsInterop": false
    },
    "@angular/router": {
      "src": "../../../../../node_modules/@angular/router/fesm2022/router.mjs",
      "file": "@angular_router.js",
      "fileHash": "d481e398",
      "needsInterop": false
    },
    "tslib": {
      "src": "../../../../../node_modules/tslib/tslib.es6.mjs",
      "file": "tslib.js",
      "fileHash": "f3e1efdf",
      "needsInterop": false
    }
  },
  "chunks": {
    "chunk-OXGICLFD": {
      "file": "chunk-OXGICLFD.js"
    },
    "chunk-MWSZ5ZYQ": {
      "file": "chunk-MWSZ5ZYQ.js"
    },
    "chunk-BTBMFZBL": {
      "file": "chunk-BTBMFZBL.js"
    },
    "chunk-QOHD3WUR": {
      "file": "chunk-QOHD3WUR.js"
    }
  }
}